{
  "2028年达峰情景": {
    "emissions": [
      11200.5,
      11450.8,
      11580.3,
      11188.616534633447,
      10836.26134894094,
      10519.485326024876,
      10234.906140220402,
      9979.448259818022,
      9750.28806936236,
      9544.802748847787,
      9360.521630260817,
      9195.078794230483,
      9046.165672014176,
      8881.927284231893,
      8701.628310795297,
      8504.50443827523,
      8289.761317443603,
      8056.573485297459,
      7804.083250397023,
      7531.399540312191,
      7237.596709933102,
      6921.713309360719,
      6582.750810052093,
      6219.672287852657,
      5831.401061504127,
      5416.819285171412,
      4974.76649348547,
      4504.038097551004,
      4003.3838303183607,
      3471.506139668008,
      2907.058527503209,
      2308.6438330922715,
      1674.8124588457104
    ],
    "energy_mix": {
      "coal": [
        3973.4188120818985,
        4044.1549268139534,
        4066.665766228153,
        1292.9067995576427,
        1252.1902003220641,
        1215.584971007319,
        1182.7002650921354,
        1153.1806878011937,
        1126.699954681873,
        1102.9549843112998,
        1081.6602772745832,
        1062.5424384444118,
        1045.3346998771938,
        1026.3560417334631,
        1005.5214936919006,
        982.7427350895819,
        957.9279744601496,
        930.9818249677063,
        901.805175601434,
        870.2950579916308,
        836.3445087033808,
        799.8424268594605,
        760.6734269393528,
        718.717686596307,
        673.8507893293657,
        625.9435618420299,
        574.8619059138764,
        520.4666246058938,
        462.6132426145661,
        401.1518205838587,
        335.9267631781486,
        266.7766207128846,
        193.53388413328167
      ],
      "elec": [
        1915.7554986823438,
        2171.860979214901,
        2424.3584375590913,
        NaN,
        NaN,
        NaN,
        NaN,
        NaN,
        NaN,
        NaN,
        NaN,
        NaN,
        NaN,
        NaN,
        NaN,
        NaN,
        NaN,
        NaN,
        NaN,
        NaN,
        NaN,
        NaN,
        NaN,
        NaN,
        NaN,
        NaN,
        NaN,
        NaN,
        NaN,
        NaN,
        NaN,
        NaN,
        NaN
      ],
      "other": [
        3121.9719237786344,
        3445.0208635822564,
        3753.8453226721413,
        1272.6358453264593,
        1314.292750742895,
        1360.615516998773,
        1412.0646718651496,
        1469.1560812020823,
        1532.4695187805892,
        1602.6583933148443,
        1680.4608595236905,
        1766.7125751649683,
        1862.3614089845053,
        1961.9559417464263,
        2065.641439529968,
        2173.5681904558633,
        2285.8916714960433,
        2402.7727206726213,
        2524.3777148167724,
        2650.8787530634195,
        2782.4538462631704,
        2919.2871124985377,
        3061.5689788973455,
        3209.496389942214,
        3363.2730224811844,
        3523.109507650969,
        3689.223659930815,
        3861.8407135518405,
        4041.193566493591,
        4227.523032306822,
        4421.078100008926,
        4622.11620230605,
        4830.903492403852
      ]
    },
    "historical_years": [
      2022,
      2023,
      2024
    ],
    "model_type": "kaya",
    "peak": {
      "value": 11188.616534633447,
      "year": 2025
    },
    "years": [
      2022,
      2023,
      2024,
      2025,
      2026,
      2027,
      2028,
      2029,
      2030,
      2031,
      2032,
      2033,
      2034,
      2035,
      2036,
      2037,
      2038,
      2039,
      2040,
      2041,
      2042,
      2043,
      2044,
      2045,
      2046,
      2047,
      2048,
      2049,
      2050,
      2051,
      2052,
      2053,
      2054
    ]
  },
  "2030年达峰情景": {
    "emissions": [
      11200.5,
      11450.8,
      11580.3,
      11318.787388203871,
      11099.897282859709,
      10920.827860776317,
      10779.215386292872,
      10673.083302442732,
      10600.798104087668,
      10561.030651541709,
      10552.72170345136,
      10575.050519986948,
      10627.405412958124,
      10668.538698499098,
      10697.524575674855,
      10713.38318666862,
      10715.077849099964,
      10701.512156200444,
      10671.526938805911,
      10623.897082856589,
      10557.32819581614,
      10470.453115129232,
      10361.828251532508,
      10229.929759716051,
      10073.14952850112,
      9889.790982353945,
      9678.064685694582,
      9436.083741083472,
      9161.85897197566,
      8853.29388032295,
      8508.179368877027,
      8124.18821760087,
      7698.869303130731
    ],
    "energy_mix": {
      "coal": [
        3973.4188120818985,
        4044.1549268139534,
        4066.665766228153,
        1307.9487648591141,
        1282.6547971304553,
        1261.9623305785963,
        1245.5982224160655,
        1233.3340705044934,
        1224.9811142501305,
        1220.385764178153,
        1219.4256190654905,
        1222.0058378651584,
        1228.0557366084945,
        1232.8089162710069,
        1236.1583954113164,
        1237.9909460150404,
        1238.1867736737736,
        1236.6191824942734,
        1233.1542240397946,
        1227.6503295745395,
        1219.957924849865,
        1209.9190266371559,
        1197.3668201770902,
        1182.125216678299,
        1164.0083899601293,
        1142.8202912942336,
        1118.3541414580402,
        1090.3918989696454,
        1058.7037034282987,
        1023.0472928373181,
        983.1673937369004,
        938.7950829227672,
        889.6471194728845
      ],
      "elec": [
        1915.7554986823438,
        2171.860979214901,
        2424.3584375590913,
        NaN,
        NaN,
        NaN,
        NaN,
        NaN,
        NaN,
        NaN,
        NaN,
        NaN,
        NaN,
        NaN,
        NaN,
        NaN,
        NaN,
        NaN,
        NaN,
        NaN,
        NaN,
        NaN,
        NaN,
        NaN,
        NaN,
        NaN,
        NaN,
        NaN,
        NaN,
        NaN,
        NaN,
        NaN,
        NaN
      ],
      "other": [
        3121.9719237786344,
        3445.0208635822564,
        3753.8453226721413,
        1271.015450174679,
        1312.1263858757106,
        1359.0363560077187,
        1412.2905029712188,
        1472.5180343401425,
        1540.4444781205655,
        1616.9060526539477,
        1702.866544967194,
        1799.4371678453979,
        1907.8999590184935,
        2021.9995002202436,
        2142.0072600649532,
        2268.20718780378,
        2400.89626941678,
        2540.3851079294122,
        2686.998528990949,
        2841.0762127960697,
        3002.9733534765905,
        3173.061347137872,
        3351.7285097640124,
        3539.38082626757,
        3736.442732013389,
        3943.357928202081,
        4160.590232557185,
        4388.624466820756,
        4627.96738262556,
        4879.148627377981,
        5142.721751854559,
        5419.2652612866095,
        5709.3837117820285
      ]
    },
    "historical_years": [
      2022,
      2023,
      2024
    ],
    "model_type": "kaya",
    "peak": {
      "value": 11318.787388203871,
      "year": 2025
    },
    "years": [
      2022,
      2023,
      2024,
      2025,
      2026,
      2027,
      2028,
      2029,
      2030,
      2031,
      2032,
      2033,
      2034,
      2035,
      2036,
      2037,
      2038,
      2039,
      2040,
      2041,
      2042,
      2043,
      2044,
      2045,
      2046,
      2047,
      2048,
      2049,
      2050,
      2051,
      2052,
      2053,
      2054
    ]
  },